Date,Level,Consecutive Losses,Drawdown %,Pause Candles
2012-01-16 16:01:00,3,1,-47.3,30
2012-04-21 16:01:00,3,0,-48.17,30
2012-06-10 20:01:00,3,0,-45.97,30
2012-07-15 20:01:00,3,0,-54.54,30
2012-07-30 04:01:00,3,0,-54.57,30
2012-08-09 20:01:00,3,0,-50.71,30
2012-09-21 04:01:00,3,0,-53.42,30
2012-10-05 08:01:00,3,0,-56.36,30
2012-11-27 16:01:00,3,0,-52.17,30
2012-12-13 08:01:00,3,0,-45.2,30
2013-01-14 00:01:00,3,0,-41.31,30
2013-01-23 08:01:00,1,0,-23.43,3
2013-01-24 20:01:00,2,1,-36.32,12
2013-08-08 16:01:00,1,1,-15.71,3
2013-09-20 08:01:00,1,2,-17.37,3
2013-10-02 20:01:00,3,3,-51.99,30
2013-10-17 00:01:00,2,0,-34.62,12
2013-10-30 20:01:00,2,0,-30.76,12
2014-01-27 20:01:00,2,2,-26.25,12
2014-02-05 20:01:00,3,4,-32.51,30
2014-06-01 20:01:00,2,0,-26.67,12
2014-07-04 12:01:00,1,0,-23.71,3
2014-07-10 08:01:00,2,1,-33.97,12
2014-07-16 12:01:00,3,2,-40.24,30
2015-03-05 00:01:00,3,0,-48.27,30
2015-07-01 12:01:00,3,0,-57.28,30
2015-07-13 08:01:00,3,0,-52.32,30
2015-07-30 12:01:00,3,0,-51.7,30
2015-10-17 20:01:00,2,0,-39.25,12
2015-10-26 00:01:00,1,0,-24.69,3
2015-12-26 12:01:00,1,1,-16.8,3
2016-01-13 00:01:00,1,1,-21.23,3
2016-02-21 16:01:00,1,0,-15.92,3
2016-02-23 12:01:00,2,1,-26.8,12
2016-03-18 16:01:00,3,4,-38.84,30
2016-04-27 20:01:00,2,0,-28.64,12
2016-05-19 12:01:00,3,2,-41.08,30
2016-05-29 04:01:00,1,0,-24.11,3
2016-07-07 08:01:00,1,1,-21.68,3
2016-07-22 12:01:00,2,2,-25.68,12
2016-07-31 04:01:00,3,4,-40.87,30
2016-11-03 16:01:00,1,0,-24.64,3
2016-11-10 08:01:00,1,0,-24.21,3
2016-11-13 04:01:00,2,1,-33.48,12
2016-11-20 16:01:00,2,0,-29.15,12
2017-03-16 16:01:00,1,2,-21.43,3
2017-06-12 12:01:00,2,2,-26.59,12
2017-07-07 16:01:00,3,4,-40.87,30
2018-05-11 00:01:00,1,2,-19.6,3
2018-07-21 04:01:00,2,3,-26.97,12
2018-07-25 16:01:00,1,0,-16.18,3
2018-07-31 12:01:00,1,0,-15.43,3
2018-08-30 20:01:00,2,1,-25.05,12
2019-02-24 16:01:00,2,0,-30.82,12
2019-03-12 04:01:00,3,2,-41.45,30
2019-05-30 20:01:00,1,2,-14.72,3
2019-06-03 08:01:00,2,3,-24.52,12
2019-08-13 16:01:00,1,1,-17.27,3
2019-11-11 08:01:00,2,2,-25.87,12
2020-01-08 20:01:00,1,0,-23.62,3
2020-01-23 12:01:00,1,1,-20.77,3
2020-02-10 12:01:00,1,0,-15.01,3
2020-02-20 00:01:00,2,1,-27.76,12
2020-04-20 12:01:00,3,3,-46.34,30
2020-06-24 12:01:00,1,2,-19.78,3
2020-08-25 16:01:00,2,2,-25.16,12
2020-11-04 08:01:00,1,2,-9.83,3
2021-08-24 16:01:00,1,2,-16.49,3
2021-08-31 00:01:00,2,3,-29.83,12
2021-09-07 12:01:00,1,0,-22.98,3
2021-09-20 04:01:00,3,1,-40.07,30
2021-10-27 00:01:00,1,1,-20.74,3
2022-02-17 16:01:00,1,2,-19.86,3
2022-08-15 08:01:00,1,1,-17.32,3
2022-10-28 08:01:00,2,2,-27.37,12
2022-11-07 08:01:00,2,0,-27.92,12
2023-01-30 20:01:00,1,2,-24.87,3
2023-02-05 16:01:00,1,0,-23.69,3
2023-02-09 04:01:00,2,1,-33.25,12
2023-02-17 00:01:00,3,2,-44.54,30
2023-04-17 08:01:00,3,0,-45.17,30
2023-10-03 16:01:00,3,0,-64.48,30
2023-10-27 20:01:00,2,0,-35.14,12
2023-11-03 08:01:00,2,0,-34.56,12
2023-11-14 16:01:00,3,1,-40.07,30
2023-12-11 04:01:00,2,0,-32.93,12
2023-12-26 12:01:00,3,2,-42.97,30
2024-01-10 12:01:00,3,0,-44.55,30
2024-04-02 16:01:00,1,2,-15.7,3
2024-04-12 20:01:00,1,1,-24.71,3
2024-05-21 20:01:00,1,0,-16.96,3
2024-05-28 04:01:00,2,2,-25.42,12
2024-06-11 08:01:00,3,4,-37.1,30
2024-07-23 20:01:00,2,0,-35.7,12
2024-07-29 20:01:00,2,0,-36.0,12
2024-08-27 16:01:00,3,1,-45.76,30
2024-09-30 12:01:00,3,0,-42.19,30
2024-10-23 08:01:00,2,0,-32.03,12
2024-10-31 16:01:00,2,0,-25.07,12
2024-11-25 20:01:00,1,2,-17.99,3
2024-12-02 12:01:00,2,3,-21.04,12
2024-12-06 00:01:00,3,4,-33.75,30
2024-12-18 20:01:00,2,0,-32.8,12
2025-01-20 00:01:00,2,0,-36.55,12
2025-05-05 00:01:00,2,0,-30.97,12
2025-05-19 08:01:00,1,0,-16.43,3
2025-05-29 20:01:00,1,1,-18.2,3
2025-06-12 20:01:00,1,0,-16.66,3
2025-06-20 20:01:00,2,2,-31.79,12
2025-07-25 04:01:00,1,1,-20.47,3
2025-08-01 00:01:00,2,2,-30.35,12
2025-08-14 16:01:00,2,0,-28.13,12
2025-09-22 08:01:00,3,2,-43.18,30
2025-10-08 00:01:00,2,0,-39.57,12
2026-01-08 04:01:00,3,1,-47.38,30
2026-04-19 08:01:00,3,0,-49.31,30
2026-05-07 16:01:00,3,0,-51.42,30
2026-08-23 08:01:00,3,0,-54.78,30
